close,high,low,open,volume,adjClose,adjHigh,adjLow,adjOpen,adjVolume,divCash,splitFactor
178.35,180.9,178.08,180.645,22006182,178.35,180.9,178.08,180.645,22006182,0.0,1.0
180.75,181.08,177.19,177.41,25352939,180.75,181.08,177.19,177.41,25352939,0.0,1.0
176.51,176.94,173.5,173.8,33695538,176.51,176.94,173.5,173.8,33695538,0.0,1.0
169.74,170.53,168.84,169.43,18242050,169.74,170.53,168.84,169.43,18242050,0.0,1.0
169.24,170.73,168.011,169.93,21492744,169.24,170.73,168.011,169.93,21492744,0.0,1.0
171.29,172.32,168.88,170.07,31796477,171.29,172.32,168.88,170.07,31796477,0.0,1.0
171.11,176.82,171.0,173.13,44768981,171.11,176.82,171.0,173.13,44768981,0.0,1.0
174.46,182.02,174.0599,180.68,68890787,174.46,182.02,174.0599,180.68,68890787,0.0,1.0
169.68,170.38,167.0896,167.73,42169025,169.68,170.38,167.0896,167.73,42169025,0.0,1.0
166.72,168.75,163.95,168.75,32138641,166.72,168.75,163.95,168.75,32138641,0.0,1.0
165.27,165.59,163.42,163.67,19828884,165.27,165.59,163.42,163.67,19828884,0.0,1.0
162.72,163.33,161.01,162.83,22412527,162.72,163.33,161.01,162.83,22412527,0.0,1.0
162.78,165.82,161.925,164.76,18280518,162.78,165.82,161.925,164.76,18280518,0.0,1.0
165.14,165.77,162.98,162.98,16568121,165.14,165.77,162.98,162.98,16568121,0.0,1.0
164.07,164.5,162.62,162.95,20946455,164.07,164.5,162.62,162.95,20946455,0.0,1.0
163.42,164.71,163.08,163.19,19757661,163.42,164.71,163.08,163.19,19757661,0.0,1.0
162.93,166.37,162.76,165.73,21453395,162.93,166.37,162.76,165.73,21453395,0.0,1.0
165.16,165.8,163.74,164.53,16406030,165.16,165.8,163.74,164.53,16406030,0.0,1.0
165.46,167.68,164.625,165.785,20247195,165.46,167.68,164.625,165.785,20247195,0.0,1.0
164.96,166.226,163.4,163.64,19016141,164.96,166.226,163.4,163.64,19016141,0.0,1.0
163.24,163.9,161.235,162.13,15344251,163.24,163.9,161.235,162.13,15344251,0.0,1.0
162.08,163.07,160.395,160.87,14144068,162.08,163.07,160.395,160.87,14144068,0.0,1.0
161.86,164.84,159.74,163.45,31181774,161.86,164.84,159.74,163.45,31181774,0.0,1.0
164.38,164.725,162.87,163.94,23072733,164.38,164.725,162.87,163.94,23072733,0.0,1.0
162.98,168.48,162.75,167.72,22463140,162.98,168.48,162.75,167.72,22463140,0.0,1.0
167.06,168.23,165.48,168.06,19093724,167.06,168.23,165.48,168.06,19093724,0.0,1.0
165.86,166.64,163.923,164.41,15073101,165.86,166.64,163.923,164.41,15073101,0.0,1.0
165.86,167.52,164.73,166.42,17760179,165.86,167.52,164.73,166.42,17760179,0.0,1.0
166.99,169.16,164.58,167.685,28338123,166.99,169.16,164.58,167.685,28338123,0.0,1.0
165.85,166.15,163.26,163.32,20481303,165.85,166.15,163.26,163.32,20481303,0.0,1.0
163.95,165.7,162.6261,162.81,21101307,163.95,165.7,162.6261,162.81,21101307,0.0,1.0
162.73,164.08,162.28,163.64,20319336,162.73,164.08,162.28,163.64,20319336,0.0,1.0
161.49,162.81,161.3,161.47,18869199,161.49,162.81,161.3,161.47,18869199,0.0,1.0
162.29,163.2158,160.69,163.03,23332147,162.29,163.2158,160.69,163.03,23332147,0.0,1.0
161.85,165.49,161.67,164.35,24150852,161.85,165.49,161.67,164.35,24150852,0.0,1.0
163.59,163.73,162.06,163.5,40896438,163.59,163.73,162.06,163.5,40896438,0.0,1.0
162.14,163.79,161.34,163.71,26587733,162.14,163.79,161.34,163.71,26587733,0.0,1.0
159.81,160.5,158.595,159.86,23677315,159.81,160.5,158.595,159.86,23677315,0.0,1.0
159.32,160.55,158.375,159.02,20715612,159.32,160.55,158.375,159.02,20715612,0.0,1.0
158.06,158.25,156.6,157.31,18379775,158.06,158.25,156.6,157.31,18379775,0.0,1.0
157.46,158.38,155.21,155.43,29591152,157.46,158.38,155.21,155.43,29591152,0.0,1.0
154.69,154.82,152.65,153.8,29695048,154.69,154.82,152.65,153.8,29695048,0.0,1.0
151.16,151.5,147.52,149.92,29607693,151.16,151.5,147.52,149.92,29607693,0.0,1.0
148.66,151.27,148.34,150.45,31118765,148.66,151.27,148.34,150.45,31118765,0.0,1.0
148.71,153.4,147.215,152.51,39260451,148.71,153.4,147.215,152.51,39260451,0.2,1.0
150.92,157.83,150.55,157.3,37912130,150.7173003828,157.6180196092,150.3477973272,157.0887314485,37912130,0.0,1.0
157.24,159.45,155.9805,156.3,18688747,157.0288120341,159.2358437983,155.7710036599,156.0900745417,18688747,0.0,1.0
156.45,159.0,155.9616,156.655,19197458,156.2398730777,158.7864481902,155.7521290444,156.4445977436,19197458,0.0,1.0
157.36,161.85,156.48,161.72,38945301,157.1486508629,161.6326203747,156.2698327849,161.5027949768,38945301,0.0,1.0
163.38,163.66,161.6925,162.615,22123811,163.1605654422,163.4401893761,161.4753319119,162.3965929085,22123811,0.0,1.0
161.78,165.97,160.25,164.31,19699767,161.5627143912,165.747086831,160.0347693238,164.0893163656,19699767,0.0,1.0
162.85,165.6,161.5284,165.035,16407444,162.6312772816,165.3775837754,161.3114523135,164.8133426231,16407444,0.0,1.0
164.68,166.4426,164.46,165.835,11821941,164.4588194211,166.2190520852,164.2391149016,165.6122681485,11821941,0.0,1.0
166.16,167.55,164.455,166.38,14190417,165.9368316433,167.3249647438,164.2341216171,166.1565361628,14190417,0.0,1.0
165.62,166.18,163.83,164.72,13955741,165.3975569136,165.9568047814,163.6099610503,164.4987656974,13955741,0.0,1.0
163.8,167.59,163.31,167.26,22493275,163.5800013431,167.3649110201,163.0906594587,167.0353542408,22493275,0.0,1.0
165.85,166.85,164.67,165.15,22901997,165.6272480021,166.625904909,164.4488328521,164.9281881673,22901997,0.0,1.0
167.18,168.64,166.82,166.9,18341533,166.9554616883,168.4135007723,166.5959452018,166.6758377543,18341533,0.0,1.0
166.67,166.69,164.26,165.28,22416185,166.4461466658,166.4661198039,164.0393835202,165.0580135652,22416185,0.0,1.0
162.96,165.06,161.13,161.47,24208647,162.7411295413,164.8383090457,160.9135874018,161.2531307501,24208647,0.0,1.0
161.3,161.635,159.61,160.5,31524252,161.083359076,161.4179091397,159.3956289034,160.2844335505,31524252,0.0,1.0
160.37,163.22,157.71,162.4,40591126,160.1546081526,163.0007803371,157.4981807803,162.1818816735,40591126,0.0,1.0
164.16,164.73,162.97,163.41,18551690,163.9395178296,164.5087522665,162.7511161104,163.1905251494,18551690,0.0,1.0
162.29,164.9,161.84,164.35,15895286,162.0720294137,164.6785239406,161.6226338057,164.1292626419,15895286,0.0,1.0
163.67,163.79,159.06,160.01,28602285,163.4501759452,163.570014774,158.8463676046,159.7950916661,28602285,0.0,1.0
162.03,163.69,160.21,160.51,25578839,161.812378618,163.4701490833,159.9948230475,160.2944201195,25578839,0.0,1.0
158.94,162.98,158.47,161.25,25138573,158.7265287758,162.7611026795,158.2571600295,161.0334262306,25138573,0.0,1.0
158.29,160.57,156.41,159.33,49004561,158.0774017863,160.3543395339,156.1999268014,159.1160049694,49004561,0.0,1.0
159.25,164.43,154.93,155.5,53630673,159.0361124169,164.2091551944,154.7219145793,155.2911490162,53630673,0.0,1.0
166.66,168.51,164.67,166.44,29130102,166.4361600967,168.2836753744,164.4488328521,166.2164555772,29130102,0.0,1.0
170.76,174.05,168.88,170.25,24531392,170.5306534148,173.8162346384,168.6531784299,170.0213383923,24531392,0.0,1.0
171.54,174.245,170.01,173.24,25729090,171.3096058022,174.0109727352,169.7816607347,173.0073225438,25729090,0.0,1.0
170.29,171.2299,168.44,170.24,18959686,170.0612846686,170.9999222953,168.2137693909,170.0113518232,18959686,0.0,1.0
169.53,170.43,167.99,168.83,20293822,169.3023054194,170.2010966356,167.7643737828,168.6032455846,20293822,0.0,1.0
167.0,168.09,164.06,167.15,41336886,166.775703445,167.8642394735,163.8396521389,166.9255019811,41336886,0.0,1.0
167.28,173.42,167.19,172.52,44851973,167.055327379,173.1870807871,166.9654482573,172.2882895709,44851973,0.0,1.0
172.63,176.19,171.82,173.6,49585203,172.3981418306,175.953360419,171.5892297361,173.3668390303,49585203,0.0,1.0
181.79,183.61,181.54,182.05,36352714,181.5458390974,183.3633946679,181.2961748707,181.8054898932,36352714,0.0,1.0
181.67,182.7,180.23,180.59,24100345,181.4260002686,182.4546168827,179.9879343227,180.3474508092,24100345,0.0,1.0
177.66,180.29,177.13,178.88,18881885,177.4213860721,180.0478537372,176.8920979115,178.6397474985,18881885,0.0,1.0
177.69,182.5,176.47,181.93,25315727,177.4513457793,182.2548855013,176.232984353,181.6856510644,25315727,0.0,1.0
181.02,183.55,179.9,182.965,20734071,180.7768732792,183.3034752535,179.6583775435,182.719260963,20734071,0.0,1.0
183.92,188.68,183.3736,187.36,18290722,183.672978309,188.4265851857,183.1273121751,187.1083580686,18290722,0.0,1.0
186.53,188.24,184.92,184.92,16474043,186.2794728359,187.9871761467,184.6716352159,184.6716352159,16474043,0.0,1.0
185.07,187.11,184.49,185.08,22898406,184.8214337519,186.8586938419,184.242212746,184.831420321,22898406,0.0,1.0
185.57,190.86,185.08,189.845,25625784,185.3207622054,190.6036572426,184.831420321,189.5900204822,25625784,0.0,1.0
191.18,191.75,189.03,189.15,15952454,190.9232274528,191.4924618897,188.7761151031,188.8959539319,15952454,0.0,1.0
188.98,191.36,188.72,190.31,15141312,188.7261822577,191.1029856961,188.466531462,190.0543959439,15141312,0.0,1.0
189.03,190.17,187.78,189.895,21035886,188.7761151031,189.9145839769,187.5277939695,189.6399533275,21035886,0.0,1.0
190.6,190.86,185.8,185.855,20967450,190.3440064468,190.6036572426,185.5504532939,185.6053794238,20967450,0.0,1.0
185.82,186.09,184.0,184.85,10242126,185.5704264321,185.8400637969,183.7528708616,184.6017292324,10242126,0.0,1.0
185.24,185.57,181.56,182.05,17372485,184.9912054261,185.3207622054,181.3161480089,181.8054898932,17372485,0.0,1.0
182.99,183.88,181.3,183.03,16006128,182.7442273857,183.6330320328,181.0564972131,182.7841736619,16006128,0.0,1.0
182.15,185.13,181.96,184.32,29156644,181.9053555839,184.8813531663,181.7156107716,184.0724410718,29156644,0.0,1.0
185.41,186.05,184.02,184.18,18848884,185.1609771003,185.8001175206,183.7728439997,183.9326291048,18848884,0.0,1.0
183.88,184.51,182.48,182.63,19838972,183.6330320328,184.2621858841,182.2349123632,182.3847108992,19838972,0.0,1.0
184.03,184.29,179.42,179.62,23235589,183.7828305688,184.0424813646,179.1790222282,179.3787536096,23235589,0.0,1.0
179.22,180.89,178.67,180.16,18298012,178.9792908468,180.6470478813,178.430029548,179.9180283393,18298012,0.0,1.0
179.63,180.85,176.61,177.0,58582743,179.3887401786,180.607101605,176.3727963199,176.7622725136,58582743,0.0,1.0
176.3,177.29,174.99,175.37,20160085,176.0632126788,177.0518830166,174.7549721308,175.1344617554,20160085,0.0,1.0
175.09,177.385,174.1042,177.14,21869857,174.8548378215,177.1467554227,173.8703618427,176.9020844806,21869857,0.0,1.0
177.24,178.36,174.81,175.46,19618497,177.0019501712,178.1204459069,174.5752138876,175.224340877,19618497,0.0,1.0
176.79,177.0623,174.15,174.22,18063555,176.5525545632,176.8244888389,173.9161003291,173.9860063125,18063555,0.0,1.0
175.16,176.74,174.88,176.11,20913299,174.924743805,176.5026217178,174.6451198711,175.8734678665,20913299,0.0,1.0
177.79,180.41,176.11,178.25,27864737,177.55121147,180.167692566,175.8734678665,178.0105936472,27864737,0.0,1.0
176.62,176.84,173.7701,176.22,21540582,176.382782889,176.6024874085,173.5367105701,175.9833201263,21540582,0.0,1.0
175.01,177.06,172.76,174.97,23779218,174.774945269,176.822191928,172.5279672285,174.7349989927,23779218,0.2,1.0
174.46,177.87,174.3,177.05,19661399,174.0268075545,177.4283403629,173.8672048421,176.6103764618,19661399,0.0,1.0
176.73,177.15,175.75,175.895,23251013,176.2911710369,176.710128157,175.3136044234,175.4582443815,23251013,0.0,1.0
175.41,176.645,173.9339,175.2,22068519,174.9744486595,176.206382096,173.5020138857,174.7649700994,22068519,0.0,1.0
173.79,173.845,171.89,173.28,26879596,173.3584711962,173.4133346286,171.4631889862,172.8497375504,26879596,0.0,1.0
173.17,174.525,171.16,172.54,27459118,172.7400106856,174.0916461564,170.7350016108,172.1115750055,27459118,0.0,1.0
172.5,173.06,169.44,171.86,37638876,172.0716743273,172.6302838208,169.0192724523,171.4332634777,37638876,0.0,1.0
172.11,175.22,171.79,175.2,22958677,171.6826427158,174.7849204385,171.363437291,174.7649700994,22958677,0.0,1.0
175.9,176.836,174.72,175.43,23388693,175.4632319663,176.3969078339,174.2861619622,174.9943989985,23388693,0.0,1.0
176.4,177.27,174.365,174.45,20572157,175.9619904426,176.8298301914,173.932043444,174.016832385,20572157,0.0,1.0
174.99,175.77,173.65,174.98,16579438,174.5554915394,175.3335547624,173.2188188229,174.5455163699,16579438,0.0,1.0
173.55,178.25,172.95,177.07,21024935,173.1190671276,177.8073968049,172.520556956,176.6303268008,21024935,0.0,1.0
176.38,177.15,175.21,176.644,17880042,175.9420401035,176.710128157,174.774945269,176.205384579,17880042,0.0,1.0
177.85,178.15,175.81,176.9,16989369,177.4083900239,177.7076451097,175.3734554405,176.4607489189,16989369,0.0,1.0
176.92,178.77,176.08,176.192,22554400,176.4806992579,178.3261056203,175.6427850177,175.7545069164,22554400,0.0,1.0
176.06,176.265,173.69,174.18,24479262,175.6228346787,175.827325654,173.258719501,173.7475028078,24479262,0.0,1.0
174.18,175.115,172.69,173.29,27867947,173.7475028078,174.6801811585,172.2612025483,172.8597127199,27867947,0.0,1.0
172.51,172.65,170.51,170.63,26948370,172.0816494969,172.2213018702,170.0866155916,170.2063176259,26948370,0.0,1.0
170.34,171.25,168.8,169.77,25127138,169.9170377097,170.8247781366,168.3808616026,169.3484530467,25127138,0.0,1.0
169.14,169.28,164.0,164.26,31327602,168.7200173665,168.8596697399,163.5927802301,163.8521346377,31327602,0.0,1.0
168.65,169.85,166.19,168.025,29799931,168.2312340598,169.4282544029,165.7773423563,167.6077859644,29799931,0.0,1.0
169.96,170.69,168.18,169.39,15346700,169.5379812677,170.2661686431,167.762401092,168.9693966047,15346700,0.0,1.0
169.38,170.15,168.735,169.0,19569146,168.9594214352,169.7275094887,168.3160230007,168.5803649932,19569146,0.0,1.0
171.25,171.76,168.39,168.5,28039696,170.8247781366,171.3335117824,167.9718796521,168.0816065169,28039696,0.0,1.0
168.1,168.14,166.03,167.46,21871283,167.6825997358,167.7225004139,165.6177396439,167.0441888861,21871283,0.0,1.0
167.24,167.96,163.05,167.56,34662432,166.8247351566,167.5429473624,162.6451391251,167.1439405814,34662432,0.0,1.0
166.62,166.73,163.89,164.785,24294549,166.2062746459,166.3160015107,163.4830533653,164.3758310379,24294549,0.0,1.0
163.86,167.12,163.09,164.3,33493151,163.4531278567,166.7050331222,162.6850398032,163.8920353158,33493151,0.0,1.0
162.78,168.1,162.6,165.612,33562861,162.3758095479,167.6825997358,162.1962564964,165.2007775577,33562861,0.0,1.0
166.15,169.55,165.21,169.058,45610024,165.7374416782,169.1289993171,164.7997757427,168.6382209764,45610024,0.0,1.0
171.95,174.71,169.65,174.37,64665299,171.5230400034,174.2761867926,169.2287510124,173.9370310288,64665299,0.0,1.0
156.0,156.49,150.87,151.33,57109730,155.6126446091,156.1014279159,150.4953826421,150.9542404403,57109730,0.0,1.0
159.13,159.565,157.165,157.49,22779112,158.7348726708,159.1687925452,156.7747518589,157.0989448685,22779112,0.0,1.0
158.26,158.97,156.28,156.96,21151568,157.867032922,158.5752699584,155.8919493558,156.5702608836,21151568,0.0,1.0
156.28,157.64,154.06,154.31,26446206,155.8919493558,157.2485724114,153.677461721,153.9268409591,26446206,0.0,1.0
154.09,156.36,152.3,156.2,32615639,153.7073872296,155.971750712,151.9218318844,155.8121479996,32615639,0.0,1.0
156.01,156.94,154.62,155.34,19883044,155.6226197786,156.5503105445,154.2360712145,154.9542834203,19883044,0.0,1.0
155.47,157.08,154.58,155.62,21763130,155.0839606242,156.6899629179,154.1961705364,155.2335881671,21763130,0.0,1.0
154.4,155.65,153.43,154.19,20779495,154.0166174849,155.2635136757,153.0490260408,153.8071389248,20779495,0.0,1.0
154.86,159.24,154.59,158.86,27136472,154.4754752831,158.8445995356,154.2061457059,158.4655430936,27136472,0.0,1.0
157.73,160.2225,157.14,157.96,25353746,157.3383489371,159.8246599415,156.7498139351,157.5677778362,25353746,0.0,1.0
159.41,159.68,156.46,156.91,27166431,159.0141774175,159.2835069947,156.0715024073,156.520385036,27166431,0.0,1.0
156.14,156.61,154.68,156.21,22838629,155.7522969824,156.2211299502,154.2959222316,155.8221231691,22838629,0.0,1.0
156.6,158.56,155.19,156.085,30739691,156.2111547807,158.1662880078,154.8046558775,155.6974335501,30739691,0.0,1.0
154.85,155.27,152.61,152.78,20577435,154.4655001136,154.8844572337,152.2310621397,152.4006400216,20577435,0.0,1.0
152.5,153.42,149.6,150.03,23328522,152.1213352749,153.0390508713,149.2285361123,149.6574684019,23328522,0.0,1.0
150.53,154.77,150.45,153.5,34468227,150.1562268782,154.3856987574,150.076425522,153.1188522275,34468227,0.0,1.0
154.92,155.08,152.73,153.6,23884801,154.5353263002,154.6949290127,152.350764174,153.2186039228,23884801,0.0,1.0
154.56,154.7,152.15,153.5,24491676,154.1762201973,154.3158725707,151.7722043415,153.1188522275,24491676,0.0,1.0
155.49,155.74,150.61,150.69,31308247,155.1039109632,155.3532902014,150.2360282344,150.3158295907,31308247,0.0,1.0
150.93,151.43,150.17,150.85,24485390,150.5552336593,151.0539921356,149.7971207753,150.4754323031,24485390,0.0,1.0
150.87,151.635,148.9,151.18,22879178,150.4953826421,151.2584831109,148.5302742455,150.8046128974,22879178,0.0,1.0
150.67,152.256,149.98,150.22,22149137,150.2958792516,151.8779411385,149.6075925543,149.8469966229,22149137,0.0,1.0
150.07,150.375,147.82,149.94,19229285,149.69736908,150.0016117506,147.4529559366,149.5676918762,19229285,0.0,1.0
150.77,151.58,148.98,149.12,29211769,150.3956309469,151.2036196785,148.6100756017,148.749727975,29211769,0.0,1.0
147.6,150.37,146.9001,149.47,24755597,147.2335022071,149.9966241658,146.5353400919,149.0988589085,24755597,0.0,1.0
148.74,148.86,146.735,148.0,21311501,148.370671533,148.4903735674,146.370650043,147.6325089881,21311501,0.0,1.0
147.03,148.7913,146.08,148.16,24070435,146.6649175441,148.4218441527,145.7172764391,147.7921117005,24070435,0.0,1.0
147.68,152.15,147.17,148.61,69273699,147.3133035633,151.7722043415,146.8045699174,148.2409943292,69273699,0.0,1.0
141.18,143.18,140.03,142.5,49475417,140.8294433712,142.8244772765,139.6822988757,142.1461657487,49475417,0.0,1.0
143.1,143.585,140.455,141.19,42570686,142.7446759203,143.2284716423,140.1062435806,140.8394185407,42570686,0.0,1.0
139.79,141.09,138.99,139.0,23164162,139.4428948071,140.7396668455,138.644881245,138.6548564145,23164162,0.0,1.0
138.5,139.375,137.03,137.03,27353587,138.1560979382,139.0289252717,136.6897480178,136.6897480178,27353587,0.0,1.0
137.67,139.1,136.13,136.13,31677211,137.3281588675,138.7546081098,135.7919827605,135.7919827605,31677211,0.0,1.0
135.41,138.085,134.0,134.21,39370392,135.0737705546,137.7421284029,133.6672716514,133.8767502114,39370392,0.0,1.0
134.38,134.94,131.61,132.795,37738209,134.0463280934,134.6049375869,131.2832061346,132.4652637235,37738209,0.0,1.0
131.4,133.58,130.85,133.12,35318610,131.0737275746,133.2483145313,130.5250932506,132.7894567331,35318610,0.0,1.0
132.67,133.24,130.665,131.88,40194757,132.3405741044,132.9091587674,130.3405526144,131.5525357118,40194757,0.0,1.0
133.35,135.66,131.91,135.66,55999415,133.0188856322,135.3231497927,131.5824612204,135.3231497927,55999415,0.0,1.0
137.14,138.87,136.92,138.43,31151116,136.7994748826,138.5251792107,136.580021153,138.0862717515,31151116,0.0,1.0
138.46,138.86,136.4,137.28,42132953,138.1161972601,138.5152040411,136.0613123377,136.939127256,42132953,0.0,1.0
136.38,138.01,135.41,137.9,37328558,136.0413619986,137.6673146314,135.0737705546,137.5575877666,37328558,0.0,1.0
138.88,139.25,137.09,138.02,33099190,138.5351543802,138.9042356527,136.749599035,137.6772898009,33099190,0.0,1.0
137.57,142.44,137.39,142.14,53641795,137.2284071723,142.0863147315,137.0488541208,141.7870596457,53641795,0.0,1.0
143.96,144.68,143.43,143.67,19493752,143.6025404995,144.3207527054,143.0738565146,143.3132605832,19493752,0.0,1.0
144.09,145.0,142.8,144.93,27191892,143.7322177033,144.6399581302,142.4454208345,144.5701319436,27191892,0.0,1.0
142.55,142.69,140.675,141.45,23315687,142.1960415963,142.3356939697,140.3256973101,141.0987729484,23315687,0.0,1.0
141.12,142.08,139.49,139.655,24935710,140.7695923541,141.7272086286,139.1436397213,139.3082300185,24935710,0.0,1.0
140.52,143.19,140.14,142.99,31468926,140.1710821825,142.834452446,139.7920257405,142.6349490555,31468926,0.0,1.0
142.77,143.52,140.46,143.14,37590695,142.4154953259,143.1636330404,140.1112311653,142.7845765984,37590695,0.0,1.0
145.94,146.52,144.094,146.08,22704166,145.5776240657,146.1561838982,143.7362077712,145.7172764391,22704166,0.0,1.0
145.14,146.67,143.69,144.92,27837730,144.7796105036,146.3058114411,143.3332109223,144.560156774,27837730,0.0,1.0
147.53,149.335,147.37,148.42,21564085,147.1636760204,148.9641941199,147.0040733079,148.0514661082,21564085,0.0,1.0
149.0,149.44,146.18,146.68,26829504,148.6300259407,149.0689333999,145.8170281343,146.3157866106,26829504,0.0,1.0
145.91,146.33,145.105,145.83,22563764,145.5476985571,145.9666556772,144.7446974103,145.4678972009,22563764,0.0,1.0
145.54,145.615,143.925,144.76,25208862,145.1786172847,145.2534310561,143.5676274062,144.4005540616,25208862,0.0,1.0
144.1,145.36,143.19,144.65,29128201,143.7421928729,144.9990642332,142.834452446,144.2908271968,29128201,0.0,1.0
143.68,145.47,142.78,142.82,38505405,143.3232357528,145.108791098,142.4254704954,142.4653711735,38505405,0.0,1.0
142.38,142.62,136.5,139.26,62499574,142.0264637144,142.265867783,136.1610640329,138.9142108222,62499574,0.0,1.0
141.16,143.06,140.79,142.12,40466549,140.8094930322,142.7047752421,140.4404117597,141.7671093067,40466549,0.0,1.0
140.1,144.0,139.87,143.62,71910044,139.7521250624,143.6424411776,139.5226961633,143.2633847356,71910044,0.0,1.0
151.46,153.62,151.185,152.8,36331833,151.0839176442,153.2385542618,150.8096004822,152.4205903607,36331833,0.0,1.0
153.51,153.78,151.43,152.06,27784259,153.1288273971,153.3981569743,151.0539921356,151.6824278157,27784259,0.0,1.0
152.185,152.535,151.01,151.1,26115494,151.8071174348,152.1562483682,150.6350350155,150.7248115412,26115494,0.0,1.0
151.87,153.05,149.54,150.065,29149069,151.4928995948,152.6699695988,149.1686850951,149.6923814953,29149069,0.0,1.0
148.7,149.855,148.1,148.54,25155644,148.3307708549,149.4829029352,147.7322606834,148.1711681425,25155644,0.0,1.0
147.04,147.182,145.5,145.89,21636129,146.6748927136,146.8165401209,145.1387166065,145.5277482181,21636129,0.0,1.0
145.99,148.39,145.84,147.1,32200369,145.6274999133,148.0215405996,145.4778723704,146.7347437307,32200369,0.0,1.0
146.38,146.45,144.38,144.74,34271867,146.0165315249,146.0863577115,144.0214976196,144.3806037226,34271867,0.0,1.0
143.48,144.21,141.99,142.05,25746417,143.1237323622,143.8519197377,141.6374321028,141.69728312,25746417,0.0,1.0
141.47,141.84,138.9,141.345,20968649,141.1187232875,141.4878045599,138.5551047192,140.9940336684,20968649,0.0,1.0
142.49,144.35,141.45,142.0,22670467,142.1361905792,143.991572111,141.0987729484,141.6474072724,22670467,0.0,1.0
142.65,143.195,141.82,142.67,18785514,142.2957932916,142.8394400308,141.4678542209,142.3157436306,18785514,0.0,1.0
142.08,145.22,140.635,143.49,24008722,141.7272086286,144.8594118598,140.285796632,143.1337075318,24008722,0.0,1.0
142.28,143.0,140.91,141.0,21320203,141.9267120191,142.644924225,140.560113794,140.6498903197,21320203,0.0,1.0
140.95,141.485,138.15,138.5,24759598,140.6000144721,141.1336860418,137.8069670048,138.1560979382,24759598,0.0,1.0
138.84,139.01,136.26,136.29,21403982,138.4952537021,138.664831584,135.9216599643,135.9515854729,21403982,0.0,1.0
135.73,137.1558,135.15,136.745,21661914,135.3929759794,136.8152356505,134.8144161469,136.4054556863,21661914,0.0,1.0
136.39,139.16,136.35,138.42,27137735,136.0513371682,138.8144591269,136.0114364901,138.076296582,27137735,0.0,1.0
138.92,139.63,137.08,137.25,24212147,138.5750550583,139.2832920947,136.7396238655,136.9092017474,24212147,0.0,1.0
138.17,139.45,136.48,138.55,23711220,137.8269173438,139.1037390432,136.1411136939,138.2059737858,23711220,0.0,1.0
139.69,140.36,138.78,139.63,18733017,139.3431431118,140.0114794701,138.4354026849,139.2832920947,18733017,0.0,1.0
140.23,141.14,139.75,140.78,16045712,139.8818022662,140.7895426931,139.402994129,140.4304365902,16045712,0.0,1.0
140.37,142.08,139.886,141.59,19567216,140.0214546396,141.7272086286,139.5386564345,141.2384253218,19567216,0.0,1.0
141.52,142.68,141.19,141.59,16780333,141.1685991351,142.3257188002,140.8394185407,141.2384253218,16780333,0.0,1.0
141.49,141.99,140.71,140.77,26532199,141.1386736265,141.6374321028,140.3606104035,140.4204614206,26532199,0.0,1.0
140.42,140.685,139.18,139.49,27488284,140.0713304872,140.3356724797,138.834409466,139.1436397213,27488284,0.0,1.0
138.34,141.695,138.065,138.97,49107179,137.9964952258,141.3431646018,137.7221780638,138.6249309059,49107179,0.0,1.0
136.65,137.47,136.08,136.84,25436155,136.3106915758,137.128655477,135.7421069128,136.5002197968,25436155,0.0,1.0
135.8,137.1478,132.43,132.63,32257967,135.4628021661,136.8072555149,132.1011700358,132.3006734263,32257967,0.0,1.0
132.6,133.51,131.18,131.62,50847113,132.2707479177,133.1784883446,130.854273845,131.2931813041,50847113,0.0,1.0
131.94,133.72,129.685,133.38,38722413,131.612386729,133.3879669047,129.3629860008,133.0488111408,38722413,0.0,1.0
132.57,133.5,131.57,133.38,30104775,132.2408224091,133.1685131751,131.2433054565,133.0488111408,30104775,0.0,1.0
132.52,133.0,131.26,131.81,29032831,132.1909465615,132.6697546988,130.9340752012,131.4827095251,29032831,0.0,1.0
133.29,133.335,131.36,132.38,31138011,132.959034615,133.0039228779,131.0338268965,132.0512941881,31138011,0.0,1.0
134.99,136.4,134.025,134.2,32260112,134.6548134345,136.0613123377,133.6922095752,133.8667750419,32260112,0.0,1.0
136.93,138.56,134.7,135.04,56767100,136.5899963226,138.2159489553,134.3655335182,134.7046892821,56767100,0.0,1.0
130.02,131.84,129.875,131.44,22897543,129.69715418,131.5126350337,129.5525142218,131.1136282527,22897543,0.0,1.0
130.99,132.14,128.25,128.95,27384784,130.664745624,131.8118901195,127.9315491738,128.6298110406,27384784,0.0,1.0
129.27,130.03,127.9,129.88,36669876,128.9490164655,129.7071293495,127.5824182404,129.5575018066,36669876,0.0,1.0
131.86,132.11,130.665,131.86,31442263,131.5325853728,131.7819646109,130.3405526144,131.5325853728,31442263,0.0,1.0
132.53,135.55,131.28,135.05,38988263,132.200921731,135.213422928,130.9540255403,134.7146644516,38988263,0.0,1.0
134.99,138.288,134.84,137.57,23967222,134.6548134345,137.9446243442,134.5051858916,137.2284071723,23967222,0.0,1.0
137.2,137.25,135.4222,136.08,18730032,136.8593258998,136.9092017474,135.0859402614,135.7421069128,18730032,0.0,1.0
136.41,138.42,136.0,136.03,23436526,136.0712875072,138.076296582,135.6623055566,135.6922310652,23436526,0.0,1.0
136.69,138.13,135.99,138.03,12514322,136.3505922539,137.7870166657,135.6523303871,137.6872649705,12514322,0.0,1.0
138.49,139.42,137.47,137.47,17820456,138.1461227687,139.0738135346,137.128655477,137.128655477,17820456,0.0,1.0
136.97,137.18,135.96,136.29,22635272,136.6298970007,136.8393755607,135.6224048785,135.9515854729,22635272,0.0,1.0
136.25,136.66,133.62,133.69,27850762,135.9116847948,136.3206667454,133.2882152094,133.3580413961,27850762,0.0,1.0
135.31,136.06,133.65,136.0,37287691,134.9740188593,135.7221565738,133.318140718,135.6623055566,37287691,0.0,1.0
136.93,137.2199,134.32,135.19,28013179,136.5899963226,136.8791764871,133.9864770762,134.854316825,28013179,0.0,1.0
134.62,135.03,133.57,134.87,23861515,134.285732162,134.6947141126,133.2383393618,134.5351114002,23861515,0.0,1.0
133.62,135.7,133.32,134.19,32395178,133.2882152094,135.3630504708,132.9889601236,133.8567998724,32395178,0.0,1.0
132.09,132.59,131.25,131.78,18324751,131.7620142719,132.2607727482,130.9241000317,131.4527840166,18324751,0.0,1.0
